,0
0,Mechanical Engineering
1,Mechanical Engineering
2,Mechanical Engineering
3,Mechanical Engineering
4,Engineering Design Process
5,Mechanical Engineering
6,Mechanical Engineering
7,Mechanical Engineering
8,Mechanical Engineering
9,Mechanical Engineering
10,Physics and Engineering
11,Mechanical Engineering
12,Engineering Design Process
13,Mechanical Engineering
14,Mechanical Engineering
15,Finance
16,Mechanical Engineering
17,Finance
18,Physics and Engineering
19,Environmental Engineering
20,Environmental Engineering
21,Physics and Engineering
22,Engineering Design Process
23,Physics and Engineering
24,Mechanical Engineering
25,Mechanical Engineering
26,Mechanical Engineering
27,Mechanical Engineering
28,Mechanical Engineering
29,Physics and Engineering
30,Mechanical Engineering
31,Mechanical Engineering
32,Physics and Engineering
33,Mechanical Engineering
34,Mechanical Engineering
35,Mechanical Engineering
36,Engineering Design Process
37,Mechanical Engineering
38,Mechanical Engineering
39,Mechanical Engineering
40,Mechanical Engineering
41,Mechanical Engineering
42,Mechanical Engineering
43,Engineering Design Process
44,Mechanical Engineering
45,Engineering Design Process
46,Mechanical Engineering
47,Mechanical Engineering
48,Mechanical Engineering
49,Mechanical Engineering
50,Mechanical Engineering
51,Mechanical Engineering
52,Mechanical Engineering
53,Physics and Engineering
54,Mechanical Engineering
55,Mechanical Engineering
56,Environmental Engineering
57,Environmental Engineering
58,Mechanical Engineering
59,Mechanical Engineering
60,Mechanical Engineering
61,Mechanical Engineering
62,Mechanical Engineering
63,Mechanical Engineering
64,Mechanical Engineering
65,Physics and Engineering
66,Mechanical Engineering
67,Mechanical Engineering
68,Mechanical Engineering
69,Engineering Design Process
70,Mechanical Engineering
71,Engineering Design Process
72,Mechanical Engineering
73,Mechanical Engineering
74,Physics and Engineering
75,Mechanical Engineering
76,Mechanical Engineering
77,Mechanical Engineering
78,Mechanical Engineering
79,Environmental Engineering
80,Mechanical Engineering
81,Physics and Engineering
82,Mechanical Engineering
83,Finance
84,Environmental Engineering
85,Mechanical Engineering
86,Mechanical Engineering
87,Mechanical Engineering
88,Engineering Design Process
89,Engineering Design Process
90,Physics and Engineering
91,Mechanical Engineering
92,Environmental Engineering
93,Mechanical Engineering
94,Physics and Engineering
95,Mechanical Engineering
96,Mechanical Engineering
97,Physics and Engineering
98,Engineering Design Process
99,Mechanical Engineering
100,Physics and Engineering
101,Mechanical Engineering
102,Mechanical Engineering
103,Mechanical Engineering
104,Environmental Engineering
105,Engineering Design Process
106,Physics and Engineering
107,Mechanical Engineering
108,Mechanical Engineering
109,Mechanical Engineering
110,Physics and Engineering
111,Environmental Engineering
112,Mechanical Engineering
113,Mechanical Engineering
114,Physics and Engineering
115,Engineering Design Process
116,Environmental Engineering
117,Engineering Design Process
118,Mechanical Engineering
119,Mechanical Engineering
120,Engineering Design Process
121,Mechanical Engineering
122,Physics and Engineering
123,Engineering Design Process
124,Environmental Engineering
125,Mechanical Engineering
126,Mechanical Engineering
127,Mechanical Engineering
128,Mechanical Engineering
129,Mechanical Engineering
130,Engineering Design Process
131,Physics and Engineering
132,Mechanical Engineering
133,Physics and Engineering
134,Mechanical Engineering
135,Mechanical Engineering
136,Environmental Engineering
137,Mechanical Engineering
138,Mechanical Engineering
139,Mechanical Engineering
140,Mechanical Engineering
141,Physics and Engineering
142,Mechanical Engineering
143,Finance
144,Mechanical Engineering
145,Mechanical Engineering
146,Physics and Engineering
147,Mechanical Engineering
148,Finance
149,Mechanical Engineering
150,Mechanical Engineering
151,Mechanical Engineering
152,Engineering Design Process
153,Mechanical Engineering
154,Mechanical Engineering
155,Mechanical Engineering
156,Engineering Design Process
157,Mechanical Engineering
158,Mechanical Engineering
159,Engineering Design Process
160,Engineering Design Process
161,Mechanical Engineering
162,Physics and Engineering
163,Mechanical Engineering
164,Mechanical Engineering
165,Mechanical Engineering
166,Environmental Engineering
167,Mechanical Engineering
168,Mechanical Engineering
169,Physics and Engineering
170,Mechanical Engineering
171,Mechanical Engineering
172,Physics and Engineering
173,Physics and Engineering
174,Mechanical Engineering
175,Physics and Engineering
176,Mechanical Engineering
177,Mechanical Engineering
178,Mechanical Engineering
179,Mechanical Engineering
180,Physics and Engineering
181,Mechanical Engineering
182,Mechanical Engineering
183,Mechanical Engineering
184,Environmental Engineering
185,Physics and Engineering
186,Mechanical Engineering
187,Finance
188,Engineering Design Process
189,Environmental Engineering
190,Mechanical Engineering
191,Environmental Engineering
192,Mechanical Engineering
193,Mechanical Engineering
194,Mechanical Engineering
195,Mechanical Engineering
196,Mechanical Engineering
197,Mechanical Engineering
198,Mechanical Engineering
199,Mechanical Engineering
200,Mechanical Engineering
201,Engineering Design Process
202,Engineering Design Process
203,Mechanical Engineering
204,Mechanical Engineering
205,Mechanical Engineering
206,Mechanical Engineering
207,Environmental Engineering
208,Mechanical Engineering
209,Environmental Engineering
210,Mechanical Engineering
211,Engineering Design Process
212,Mechanical Engineering
213,Environmental Engineering
214,Mechanical Engineering
215,Engineering Design Process
216,Mechanical Engineering
217,Physics and Engineering
218,Physics and Engineering
219,Mechanical Engineering
220,Mechanical Engineering
221,Mechanical Engineering
222,Finance
223,Mechanical Engineering
224,Mechanical Engineering
225,Mechanical Engineering
226,Mechanical Engineering
227,Mechanical Engineering
228,Environmental Engineering
229,Mechanical Engineering
230,Mechanical Engineering
231,Engineering Design Process
232,Mechanical Engineering
233,Mechanical Engineering
234,Engineering Design Process
235,Mechanical Engineering
236,Mechanical Engineering
237,Mechanical Engineering
238,Mechanical Engineering
239,Mechanical Engineering
240,Mechanical Engineering
241,Mechanical Engineering
242,Mechanical Engineering
243,Mechanical Engineering
244,Mechanical Engineering
245,Finance
246,Physics and Engineering
247,Mechanical Engineering
248,Mechanical Engineering
249,Physics and Engineering
250,Engineering Design Process
251,Physics and Engineering
252,Mechanical Engineering
253,Engineering Design Process
254,Engineering Design Process
255,Engineering Design Process
256,Mechanical Engineering
257,Mechanical Engineering
258,Engineering Design Process
259,Engineering Design Process
260,Mechanical Engineering
261,Engineering Design Process
262,Physics and Engineering
263,Physics and Engineering
264,Engineering Design Process
265,Mechanical Engineering
266,Mechanical Engineering
267,Mechanical Engineering
268,Mechanical Engineering
269,Mechanical Engineering
270,Mechanical Engineering
271,Engineering Design Process
272,Environmental Engineering
273,Mechanical Engineering
274,Engineering Design Process
275,Environmental Engineering
276,Engineering Design Process
277,Mechanical Engineering
278,Engineering Design Process
279,Mechanical Engineering
280,Engineering Design Process
281,Mechanical Engineering
282,Mechanical Engineering
283,Mechanical Engineering
284,Engineering Design Process
285,Mechanical Engineering
286,Physics and Engineering
287,Engineering Design Process
288,Physics and Engineering
289,Mechanical Engineering
290,Physics and Engineering
291,Mechanical Engineering
292,Mechanical Engineering
293,Engineering Design Process
294,Physics and Engineering
295,Mechanical Engineering
296,Engineering Design Process
297,Finance
298,Mechanical Engineering
299,Mechanical Engineering
300,Mechanical Engineering
301,Mechanical Engineering
302,Mechanical Engineering
303,Environmental Engineering
304,Mechanical Engineering
305,Mechanical Engineering
306,Mechanical Engineering
307,Engineering Design Process
308,Mechanical Engineering
309,Mechanical Engineering
310,Engineering Design Process
311,Mechanical Engineering
312,Mechanical Engineering
313,Mechanical Engineering
314,Mechanical Engineering
315,Mechanical Engineering
316,Mechanical Engineering
317,Physics and Engineering
318,Mechanical Engineering
319,Mechanical Engineering
320,Mechanical Engineering
321,Mechanical Engineering
322,Mechanical Engineering
323,Engineering Design Process
324,Mechanical Engineering
325,Engineering Design Process
326,Mechanical Engineering
327,Engineering Design Process
328,Mechanical Engineering
329,Engineering Design Process
330,Mechanical Engineering
331,Mechanical Engineering
332,Engineering Design Process
333,Mechanical Engineering
334,Mechanical Engineering
335,Mechanical Engineering
336,Finance
337,Engineering Design Process
338,Mechanical Engineering
339,Mechanical Engineering
340,Mechanical Engineering
341,Mechanical Engineering
342,Mechanical Engineering
343,Mechanical Engineering
344,Mechanical Engineering
345,Mechanical Engineering
346,Engineering Design Process
347,Mechanical Engineering
348,Physics and Engineering
349,Engineering Design Process
350,Mechanical Engineering
351,Mechanical Engineering
352,Mechanical Engineering
353,Mechanical Engineering
354,Finance
355,Mechanical Engineering
356,Environmental Engineering
357,Engineering Design Process
358,Mechanical Engineering
359,Mechanical Engineering
360,Mechanical Engineering
361,Engineering Design Process
362,Mechanical Engineering
363,Mechanical Engineering
364,Mechanical Engineering
365,Engineering Design Process
366,Engineering Design Process
367,Environmental Engineering
368,Physics and Engineering
369,Physics and Engineering
370,Engineering Design Process
371,Mechanical Engineering
372,Engineering Design Process
373,Engineering Design Process
374,Mechanical Engineering
375,Mechanical Engineering
376,Finance
377,Mechanical Engineering
378,Mechanical Engineering
379,Environmental Engineering
380,Mechanical Engineering
381,Mechanical Engineering
382,Mechanical Engineering
383,Environmental Engineering
384,Mechanical Engineering
385,Mechanical Engineering
386,Engineering Design Process
387,Engineering Design Process
388,Mechanical Engineering
389,Engineering Design Process
390,Physics and Engineering
391,Mechanical Engineering
392,Mechanical Engineering
393,Finance
394,Mechanical Engineering
395,Environmental Engineering
396,Physics and Engineering
397,Engineering Design Process
398,Mechanical Engineering
399,Engineering Design Process
400,Mechanical Engineering
401,Engineering Design Process
402,Mechanical Engineering
403,Mechanical Engineering
404,Physics and Engineering
405,Mechanical Engineering
406,Engineering Design Process
407,Mechanical Engineering
408,Mechanical Engineering
409,Mechanical Engineering
410,Mechanical Engineering
411,Mechanical Engineering
412,Engineering Design Process
413,Mechanical Engineering
414,Physics and Engineering
415,Mechanical Engineering
416,Mechanical Engineering
417,Mechanical Engineering
418,Mechanical Engineering
419,Mechanical Engineering
420,Mechanical Engineering
421,Mechanical Engineering
422,Mechanical Engineering
423,Mechanical Engineering
424,Physics and Engineering
425,Mechanical Engineering
426,Physics and Engineering
427,Mechanical Engineering
428,Finance
429,Environmental Engineering
430,Physics and Engineering
431,Mechanical Engineering
432,Mechanical Engineering
433,Engineering Design Process
434,Mechanical Engineering
435,Mechanical Engineering
436,Engineering Design Process
437,Mechanical Engineering
438,Mechanical Engineering
439,Mechanical Engineering
440,Mechanical Engineering
441,Mechanical Engineering
442,Physics and Engineering
443,Mechanical Engineering
444,Engineering Design Process
445,Mechanical Engineering
446,Mechanical Engineering
447,Mechanical Engineering
448,Mechanical Engineering
449,Environmental Engineering
450,Mechanical Engineering
451,Engineering Design Process
452,Engineering Design Process
453,Mechanical Engineering
454,Physics and Engineering
455,Mechanical Engineering
456,Physics and Engineering
457,Engineering Design Process
458,Engineering Design Process
459,Mechanical Engineering
460,Mechanical Engineering
461,Physics and Engineering
462,Physics and Engineering
463,Mechanical Engineering
464,Mechanical Engineering
465,Engineering Design Process
466,Mechanical Engineering
467,Environmental Engineering
468,Mechanical Engineering
469,Mechanical Engineering
470,Engineering Design Process
471,Mechanical Engineering
472,Mechanical Engineering
473,Mechanical Engineering
474,Mechanical Engineering
475,Mechanical Engineering
476,Mechanical Engineering
477,Mechanical Engineering
478,Mechanical Engineering
479,Mechanical Engineering
480,Mechanical Engineering
481,Physics and Engineering
482,Physics and Engineering
483,Engineering Design Process
484,Mechanical Engineering
485,Engineering Design Process
486,Mechanical Engineering
487,Mechanical Engineering
488,Mechanical Engineering
489,Mechanical Engineering
490,Physics and Engineering
491,Mechanical Engineering
492,Engineering Design Process
493,Mechanical Engineering
494,Mechanical Engineering
495,Physics and Engineering
496,Mechanical Engineering
497,Mechanical Engineering
498,Mechanical Engineering
499,Mechanical Engineering
500,Engineering Design Process
501,Mechanical Engineering
502,Mechanical Engineering
503,Mechanical Engineering
504,Physics and Engineering
505,Mechanical Engineering
506,Mechanical Engineering
507,Physics and Engineering
508,Mechanical Engineering
509,Mechanical Engineering
510,Mechanical Engineering
511,Physics and Engineering
512,Physics and Engineering
513,Engineering Design Process
514,Mechanical Engineering
515,Mechanical Engineering
516,Finance
517,Engineering Design Process
518,Physics and Engineering
519,Mechanical Engineering
520,Mechanical Engineering
521,Mechanical Engineering
522,Mechanical Engineering
523,Mechanical Engineering
524,Mechanical Engineering
525,Engineering Design Process
526,Mechanical Engineering
527,Mechanical Engineering
528,Mechanical Engineering
529,Physics and Engineering
530,Mechanical Engineering
531,Engineering Design Process
532,Mechanical Engineering
533,Environmental Engineering
534,Mechanical Engineering
535,Mechanical Engineering
536,Mechanical Engineering
537,Mechanical Engineering
538,Mechanical Engineering
539,Physics and Engineering
540,Mechanical Engineering
541,Mechanical Engineering
542,Mechanical Engineering
543,Mechanical Engineering
544,Mechanical Engineering
545,Engineering Design Process
546,Mechanical Engineering
547,Mechanical Engineering
548,Mechanical Engineering
549,Mechanical Engineering
550,Mechanical Engineering
551,Engineering Design Process
552,Mechanical Engineering
553,Mechanical Engineering
554,Mechanical Engineering
555,Mechanical Engineering
556,Mechanical Engineering
557,Mechanical Engineering
558,Mechanical Engineering
559,Mechanical Engineering
560,Mechanical Engineering
561,Mechanical Engineering
562,Mechanical Engineering
563,Engineering Design Process
564,Engineering Design Process
565,Physics and Engineering
566,Mechanical Engineering
567,Mechanical Engineering
568,Mechanical Engineering
569,Mechanical Engineering
570,Mechanical Engineering
571,Finance
572,Mechanical Engineering
573,Environmental Engineering
574,Mechanical Engineering
575,Mechanical Engineering
576,Mechanical Engineering
577,Engineering Design Process
578,Mechanical Engineering
579,Environmental Engineering
580,Mechanical Engineering
581,Mechanical Engineering
582,Mechanical Engineering
583,Mechanical Engineering
584,Engineering Design Process
585,Mechanical Engineering
586,Mechanical Engineering
587,Environmental Engineering
588,Mechanical Engineering
589,Engineering Design Process
590,Finance
591,Environmental Engineering
592,Engineering Design Process
593,Mechanical Engineering
594,Engineering Design Process
595,Mechanical Engineering
596,Physics and Engineering
597,Mechanical Engineering
598,Mechanical Engineering
599,Physics and Engineering
600,Engineering Design Process
601,Mechanical Engineering
602,Mechanical Engineering
603,Mechanical Engineering
604,Physics and Engineering
605,Mechanical Engineering
606,Engineering Design Process
607,Mechanical Engineering
608,Physics and Engineering
609,Mechanical Engineering
610,Mechanical Engineering
611,Environmental Engineering
612,Mechanical Engineering
613,Environmental Engineering
614,Mechanical Engineering
615,Environmental Engineering
616,Mechanical Engineering
617,Mechanical Engineering
618,Mechanical Engineering
619,Mechanical Engineering
620,Environmental Engineering
621,Mechanical Engineering
622,Mechanical Engineering
623,Physics and Engineering
624,Physics and Engineering
625,Engineering Design Process
626,Engineering Design Process
627,Mechanical Engineering
628,Mechanical Engineering
629,Mechanical Engineering
630,Physics and Engineering
631,Mechanical Engineering
632,Mechanical Engineering
633,Mechanical Engineering
634,Mechanical Engineering
635,Mechanical Engineering
636,Mechanical Engineering
637,Mechanical Engineering
638,Mechanical Engineering
639,Environmental Engineering
640,Mechanical Engineering
641,Environmental Engineering
642,Mechanical Engineering
643,Engineering Design Process
644,Mechanical Engineering
645,Environmental Engineering
646,Mechanical Engineering
647,Finance
648,Mechanical Engineering
649,Mechanical Engineering
650,Mechanical Engineering
651,Mechanical Engineering
652,Mechanical Engineering
653,Mechanical Engineering
654,Mechanical Engineering
655,Mechanical Engineering
656,Mechanical Engineering
657,Mechanical Engineering
658,Mechanical Engineering
659,Mechanical Engineering
660,Engineering Design Process
661,Engineering Design Process
662,Engineering Design Process
663,Engineering Design Process
664,Environmental Engineering
665,Mechanical Engineering
666,Mechanical Engineering
667,Physics and Engineering
668,Environmental Engineering
669,Mechanical Engineering
670,Physics and Engineering
671,Physics and Engineering
672,Engineering Design Process
673,Engineering Design Process
674,Physics and Engineering
675,Environmental Engineering
676,Mechanical Engineering
677,Mechanical Engineering
678,Environmental Engineering
679,Mechanical Engineering
680,Physics and Engineering
681,Physics and Engineering
682,Engineering Design Process
683,Environmental Engineering
684,Engineering Design Process
685,Mechanical Engineering
686,Mechanical Engineering
687,Engineering Design Process
